match_id;player_idss;teamss;opponent;player;positionss;shirt_number;totalPassss;accuratePassss;totalLongBalls;accurateLongBalls;goalAssistss;accurateOwnHalfPasses;totalOwnHalfPasses;accurateOppositionHalfPasses;totalOppositionHalfPasses;ballRecovery;savedShotsFromInsideTheBox;penaltyFaced;savesss;totalKeeperSweeper;accurateKeeperSweeper;minutesPlayed;touches;rating;possessionLostCtrl;expectedAssists;totalBallCarriesDistance;ballCarriesCount;totalProgression;keeperSaveValue;totalShots;goalsPrevented;passValueNormalized;dribbleValueNormalized;defensiveValueNormalized;goalkeeperValueNormalized;totalCross;aerialLost;aerialWon;duelLost;duelWon;totalContest;shotOffTargetss;totalClearancess;outfielderBlock;interceptionWon;wasFouledss;foulsss;totalOffsidess;expectedGoals;bestBallCarryProgression;totalProgressiveBallCarriesDistance;progressiveBallCarriesCount;shotValueNormalized;challengeLost;totalTackless;wonTackless;unsuccessfulTouch;dispossessed;onTargetScoringAttempt;penaltyConceded;expectedGoalsOnTarget;keyPass;wonContest;accurateCross;bigChanceCreated;bigChanceMissed;goodHighClaim;blockedScoringAttempt;goalsss;penaltyWon;errorLeadToAShot;lastManTackle;hitWoodwork;errorLeadToAGoal;punches;ownGoals;penaltySave;penaltyMiss;league;season;match;match_slug;teamsw;player_idsw;name;short_name;match_name;positionsw;pos_side;formation_place;accuratePasssw;cleanSheet;gameStarted;goalKicks;lostCorners;minsPlayed;savessw;totalPasssw;formationPlace;totalClearancesw;totalThrows;wonCorners;totalTacklesw;wonTacklesw;foulssw;ontargetScoringAtt;shotOffTargetsw;totalScoringAtt;wasFouledsw;blockedScoringAtt;goalAssistsw;totalSubOff;cornerTaken;goalssw;totalSubOn;goalsConceded;totalOffsidesw;Venue
14083269;930267;Barcelona;Mallorca;Joan García;G;13;22.0;21.0;6.0;5.0;0.0;19.0;20.0;2.0;2.0;6.0;2.0;0.0;4.0;0.0;0.0;90.0;30.0;7.8;1.0;0.00034384;26.817488648892;4.0;19.949343517261;0.4549;0;0.9672;0.07;0.03;0.21;0.39;0.0;0.0;0.0;0.0;0.0;0.0;0.0;0.0;0.0;0.0;0.0;0.0;0.0;0.0;0.0;0.0;0.0;0.0;0.0;0.0;0.0;0.0;0.0;0.0;0.0;0.0;0.0;0.0;0.0;0.0;0.0;0.0;0.0;0.0;0.0;0.0;0.0;0.0;0.0;0.0;0.0;0.0;0.0;73;2526;2dhi57c0oalm6wvrjttsm44k4;bar-mll;Barcelona;5f8kjgsaabn2li5r7bvpebbsa;Joan García Pons;Joan García;Joan García;Goalkeeper;Centre;1;21;1;1;4;1;90;4;22;1;0;0;0;0;0;0;0;0;0;0;0;0;0;0;0;0;0;0;Home
14083269;827212;Barcelona;Mallorca;Jules Koundé;D;23;84.0;76.0;4.0;1.0;0.0;37.0;37.0;39.0;47.0;4.0;0.0;0.0;0.0;0.0;0.0;90.0;104.0;6.7;12.0;0.0236987;179.93355815408;30.0;29.659994817241;0.0;2;0.0;0.22;0.08;0.0;0.0;1.0;2.0;0.0;5.0;1.0;1.0;1.0;1.0;0.0;2.0;0.0;0.0;0.0;0.0901;0.0;0.0;0.0;0.02;1.0;1.0;1.0;1.0;1.0;0.0;0.0;0.0;2.0;0.0;0.0;1.0;0.0;0.0;1.0;0.0;0.0;0.0;0.0;0.0;0.0;0.0;0.0;0.0;0.0;73;2526;2dhi57c0oalm6wvrjttsm44k4;bar-mll;Barcelona;cscn06kwqfzo09h0dc5ybt1pl;Jules Olivier Koundé;Jules Koundé;J. Koundé;Defender;Right;2;76;1;1;0;0;90;0;84;2;1;9;1;1;1;0;0;1;2;0;1;0;0;0;0;0;0;0;Home
14083269;1402913;Barcelona;Mallorca;Pau Cubarsí;D;5;108.0;100.0;5.0;2.0;0.0;41.0;45.0;59.0;63.0;3.0;0.0;0.0;0.0;0.0;0.0;90.0;123.0;7.5;9.0;0.0375234;380.77664404194;45.0;194.51222309749;0.0;2;0.0;0.35;0.3;0.24;0.0;0.0;3.0;3.0;5.0;5.0;0.0;1.0;4.0;1.0;1.0;1.0;3.0;0.0;0.1603;14.277942470262;60.522346449281;3.0;-0.09;0.0;1.0;0.0;1.0;0.0;1.0;0.0;0.2686;0.0;0.0;0.0;0.0;0.0;0.0;0.0;0.0;0.0;0.0;0.0;0.0;0.0;0.0;0.0;0.0;0.0;73;2526;2dhi57c0oalm6wvrjttsm44k4;bar-mll;Barcelona;bkwxem45cf48k14euwqe7rs44;Pau Cubarsí Paredes;Pau Cubarsí;Pau Cubarsí;Defender;Centre/Right;5;100;1;1;0;0;90;0;108;5;4;0;1;1;0;3;1;1;2;1;0;0;0;0;0;0;0;0;Home
14083269;876214;Barcelona;Mallorca;Eric García;D;24;104.0;98.0;5.0;3.0;0.0;44.0;46.0;54.0;58.0;6.0;0.0;0.0;0.0;0.0;0.0;90.0;120.0;8.1;8.0;0.04651;241.66923204837;31.0;133.16513484716;0.0;0;0.0;0.51;0.21;0.23;0.0;0.0;2.0;5.0;3.0;9.0;0.0;0.0;5.0;0.0;1.0;0.0;0.0;0.0;0.0;17.118598633577;24.358864526082;1.0;0.0;0.0;4.0;1.0;1.0;1.0;0.0;0.0;0.0;2.0;0.0;0.0;0.0;1.0;0.0;0.0;0.0;0.0;0.0;0.0;0.0;0.0;0.0;0.0;0.0;0.0;73;2526;2dhi57c0oalm6wvrjttsm44k4;bar-mll;Barcelona;4ggz7e009bq3yltc9o6mifbah;Eric García Martret;Eric García;Eric García;Defender;Left/Centre;6;98;1;1;0;1;90;0;104;6;5;1;0;4;1;0;0;0;0;0;0;0;0;0;0;0;0;0;Home
14083269;997035;Barcelona;Mallorca;Alejandro Balde;D;3;89.0;84.0;3.0;2.0;0.0;28.0;28.0;56.0;61.0;6.0;0.0;0.0;0.0;0.0;0.0;90.0;112.0;6.9;15.0;0.0464923;329.04633046578;40.0;172.56335686931;0.0;0;0.0;0.0;0.27;0.21;0.0;3.0;0.0;0.0;6.0;2.0;3.0;0.0;1.0;1.0;0.0;0.0;0.0;0.0;0.0;31.831603226011;75.332338279051;3.0;0.0;0.0;0.0;0.0;0.0;5.0;0.0;0.0;0.0;1.0;2.0;0.0;0.0;0.0;0.0;0.0;0.0;0.0;0.0;0.0;0.0;0.0;0.0;0.0;0.0;0.0;73;2526;2dhi57c0oalm6wvrjttsm44k4;bar-mll;Barcelona;bzgh5psb1janz9y3btpswngbu;Alejandro Balde Martínez;Alejandro Balde;Alejandro Balde;Defender;Left;3;84;1;1;0;0;90;0;89;3;1;8;1;0;0;0;0;0;0;0;0;0;0;0;0;0;0;0;Home
14083269;1153270;Barcelona;Mallorca;Fermín López;M;16;55.0;51.0;4.0;4.0;1.0;5.0;7.0;46.0;48.0;2.0;0.0;0.0;0.0;0.0;0.0;84.0;67.0;7.3;7.0;0.284977;172.44880091194;26.0;53.713805702712;0.0;1;0.0;0.22;0.11;-0.13;0.0;0.0;1.0;0.0;3.0;6.0;3.0;0.0;0.0;0.0;2.0;1.0;0.0;0.0;0.0925;0.0;0.0;0.0;0.06;0.0;4.0;4.0;1.0;0.0;1.0;0.0;0.3236;2.0;1.0;0.0;1.0;0.0;0.0;0.0;0.0;0.0;1.0;0.0;0.0;0.0;0.0;0.0;0.0;0.0;73;2526;2dhi57c0oalm6wvrjttsm44k4;bar-mll;Barcelona;cjll1xrw3xulnl23c9tlf6rys;Fermín López Marín;Fermín López;Fermín López;Midfielder;Centre/Right;7;51;0;1;0;1;84;0;55;7;0;0;1;4;4;0;1;0;1;1;0;1;1;0;0;0;0;0;Home
14083269;1000483;Barcelona;Mallorca;Marc Casadó;M;17;97.0;90.0;1.0;1.0;0.0;31.0;33.0;59.0;64.0;4.0;0.0;0.0;0.0;0.0;0.0;90.0;107.0;7.3;9.0;0.0595258;185.82689102681;29.0;25.928947247138;0.0;1;0.0;0.22;0.08;0.17;0.0;0.0;0.0;0.0;3.0;5.0;1.0;0.0;0.0;0.0;0.0;3.0;1.0;0.0;0.0552;0.0;0.0;0.0;0.01;0.0;2.0;2.0;0.0;1.0;0.0;0.0;0.0;1.0;0.0;0.0;0.0;0.0;0.0;1.0;0.0;0.0;0.0;0.0;1.0;0.0;0.0;0.0;0.0;0.0;73;2526;2dhi57c0oalm6wvrjttsm44k4;bar-mll;Barcelona;3hht0os2uzu234yq550i3fbe2;Marc Casadó Torras;Marc Casadó;Marc Casadó;Midfielder;Centre;4;90;1;1;0;0;90;0;97;4;0;0;2;2;2;1;0;0;1;3;1;0;0;0;0;0;0;0;Home
14083269;789071;Barcelona;Mallorca;Dani Olmo;M;20;43.0;41.0;4.0;3.0;2.0;4.0;4.0;37.0;39.0;7.0;0.0;0.0;0.0;0.0;0.0;67.0;58.0;7.8;5.0;0.0875819;110.66750858587;13.0;37.350268361232;0.0;3;0.0;0.31;0.28;0.19;0.0;0.0;2.0;0.0;3.0;3.0;1.0;0.0;1.0;0.0;1.0;0.0;1.0;0.0;0.0536;19.084608978866;30.642373857714;2.0;-0.19;0.0;2.0;2.0;3.0;0.0;1.0;0.0;0.0134;4.0;1.0;0.0;1.0;0.0;0.0;2.0;0.0;0.0;0.0;0.0;0.0;0.0;0.0;0.0;0.0;0.0;73;2526;2dhi57c0oalm6wvrjttsm44k4;bar-mll;Barcelona;4gq1u1mqg0qzekh1u5djleeax;Daniel Olmo Carvajal;Dani Olmo;Dani Olmo;Midfielder;Left/Centre;8;41;0;1;0;0;67;0;43;8;1;0;1;2;2;1;1;0;3;0;2;2;1;0;0;0;0;0;Home
14083269;1402912;Barcelona;Mallorca;Lamine Yamal;F;10;62.0;52.0;3.0;1.0;0.0;11.0;12.0;41.0;50.0;3.0;0.0;0.0;0.0;0.0;0.0;78.0;88.0;8.0;22.0;0.270133;224.90875965785;29.0;115.44972678848;0.0;4;0.0;0.21;0.36;-0.02;0.0;5.0;0.0;0.0;5.0;3.0;5.0;2.0;0.0;0.0;1.0;1.0;0.0;0.0;0.8776;18.380579823977;61.824184768505;4.0;0.51;0.0;1.0;1.0;3.0;1.0;1.0;0.0;0.1142;1.0;1.0;1.0;0.0;1.0;0.0;1.0;1.0;0.0;0.0;0.0;0.0;0.0;0.0;0.0;0.0;0.0;73;2526;2dhi57c0oalm6wvrjttsm44k4;bar-mll;Barcelona;abr79wsl0folgkyvl821ggs2c;Lamine Yamal Nasraoui Ebana;Lamine Yamal Nasraoui Ebana;Lamine Yamal;Striker;Centre/Right;10;52;0;1;0;0;78;0;62;10;0;1;0;1;1;0;1;2;4;1;1;0;1;5;1;0;0;0;Home
14083269;41789;Barcelona;Mallorca;Robert Lewandowski;F;9;16.0;13.0;1.0;1.0;0.0;4.0;5.0;9.0;11.0;1.0;0.0;0.0;0.0;0.0;0.0;78.0;27.0;7.8;8.0;0.0179495;46.277488755073;7.0;-29.632915253743;0.0;2;0.0;-0.09;0.31;0.18;0.0;0.0;1.0;2.0;3.0;4.0;1.0;0.0;2.0;0.0;0.0;1.0;1.0;0.0;0.7695;0.0;0.0;0.0;0.52;0.0;0.0;0.0;4.0;1.0;1.0;0.0;0.915;0.0;1.0;0.0;0.0;0.0;0.0;1.0;1.0;0.0;0.0;0.0;0.0;0.0;0.0;0.0;0.0;0.0;73;2526;2dhi57c0oalm6wvrjttsm44k4;bar-mll;Barcelona;afxjicw89683nlpms9yy5x51x;Robert Lewandowski;Robert Lewandowski;R. Lewandowski;Striker;Centre;9;13;0;1;0;0;78;0;16;9;2;0;0;0;0;1;1;0;2;1;1;0;1;0;1;0;0;0;Home
14083269;814590;Barcelona;Mallorca;Marcus Rashford;F;14;46.0;37.0;2.0;1.0;0.0;5.0;5.0;32.0;41.0;0.0;0.0;0.0;0.0;0.0;0.0;67.0;71.0;6.5;19.0;0.0590272;218.29023095897;24.0;101.09424090681;0.0;8;0.0;-0.28;0.39;0.14;0.0;7.0;0.0;1.0;1.0;2.0;2.0;2.0;1.0;0.0;0.0;0.0;0.0;0.0;0.2503;30.654810153116;79.788140113553;5.0;-0.55;0.0;0.0;0.0;2.0;0.0;1.0;0.0;0.2014;2.0;1.0;0.0;0.0;0.0;0.0;5.0;0.0;0.0;0.0;0.0;0.0;0.0;0.0;0.0;0.0;0.0;73;2526;2dhi57c0oalm6wvrjttsm44k4;bar-mll;Barcelona;604osk9a3lxpfpkavuziqmn6x;Marcus Rashford;Marcus Rashford;M. Rashford;Striker;Left/Centre;11;37;0;1;0;0;67;0;46;11;1;0;5;0;0;0;1;2;8;0;5;0;1;7;0;0;0;0;Home
14083269;1526618;Barcelona;Mallorca;Marc Bernal;M;22;12.0;9.0;1.0;0.0;0.0;4.0;6.0;5.0;6.0;1.0;0.0;0.0;0.0;0.0;0.0;23.0;16.0;7.9;3.0;0.00710658;35.780731982661;3.0;27.314834211537;0.0;1;0.0;-0.17;0.4;-0.12;0.0;0.0;0.0;1.0;1.0;3.0;1.0;0.0;0.0;0.0;0.0;1.0;1.0;0.0;0.3841;25.892860659648;27.741343586784;1.0;0.51;0.0;0.0;0.0;0.0;0.0;1.0;0.0;0.6586;2.0;1.0;0.0;1.0;0.0;0.0;0.0;1.0;0.0;1.0;0.0;0.0;0.0;0.0;0.0;0.0;0.0;73;2526;2dhi57c0oalm6wvrjttsm44k4;bar-mll;Barcelona;4et6r42e7q2ojgaumwnua2kgk;Marc Bernal Casas;Marc Bernal;Marc Bernal;Substitute;Midfielder;0;9;0;0;0;0;23;0;12;0;0;0;0;0;0;1;1;0;1;1;0;0;0;0;1;1;0;0;Home
14083269;855833;Barcelona;Mallorca;Ferran Torres;F;7;4.0;3.0;0.0;0.0;0.0;1.0;1.0;2.0;3.0;0.0;0.0;0.0;0.0;0.0;0.0;23.0;9.0;6.5;4.0;0.00897745;34.310940233976;4.0;22.613605906247;0.0;0;0.0;0.07;0.11;0.0;0.0;0.0;0.0;0.0;3.0;1.0;2.0;0.0;0.0;0.0;0.0;1.0;0.0;0.0;0.0;16.961479509199;18.108624492214;1.0;0.0;0.0;0.0;0.0;0.0;1.0;0.0;0.0;0.0;0.0;0.0;0.0;0.0;0.0;0.0;0.0;0.0;0.0;0.0;0.0;0.0;0.0;0.0;0.0;0.0;0.0;73;2526;2dhi57c0oalm6wvrjttsm44k4;bar-mll;Barcelona;2szgrzcosfeifh664tgt3mfvt;Ferran Torres García;Ferran Torres;Ferran Torres;Substitute;Attacker;0;3;0;0;0;0;23;0;4;0;0;0;0;0;0;0;0;0;0;1;0;0;0;0;0;1;0;0;Home
14083269;138892;Barcelona;Mallorca;João Cancelo;D;2;13.0;12.0;0.0;0.0;0.0;8.0;8.0;4.0;5.0;0.0;0.0;0.0;0.0;0.0;0.0;12.0;13.0;6.6;1.0;0.00427772;44.411282206869;3.0;25.674390332317;0.0;0;0.0;-0.14;0.12;0.0;0.0;0.0;0.0;0.0;0.0;0.0;0.0;0.0;0.0;0.0;0.0;0.0;0.0;0.0;0.0;21.984854398686;22.648313402989;1.0;0.0;0.0;0.0;0.0;0.0;0.0;0.0;0.0;0.0;0.0;0.0;0.0;0.0;0.0;0.0;0.0;0.0;0.0;0.0;0.0;0.0;0.0;0.0;0.0;0.0;0.0;73;2526;2dhi57c0oalm6wvrjttsm44k4;bar-mll;Barcelona;29pq64smaxdwlraopnxoleqxh;João Pedro Cavaco Cancelo;João Pedro Cavaco Cancelo;João Cancelo;Substitute;Defender;0;12;0;0;0;0;12;0;13;0;0;0;0;0;0;0;0;0;0;0;0;0;0;0;0;1;0;0;Home
14083269;1162107;Barcelona;Mallorca;Roony Bardghji;F;19;13.0;12.0;0.0;0.0;0.0;9.0;10.0;3.0;3.0;0.0;0.0;0.0;0.0;0.0;0.0;12.0;13.0;6.5;1.0;0.00515818;51.435554060219;6.0;23.270422196311;0.0;0;0.0;-0.07;-0.05;0.0;0.0;0.0;0.0;0.0;0.0;0.0;0.0;0.0;0.0;0.0;0.0;0.0;0.0;0.0;0.0;0.0;0.0;0.0;0.0;0.0;0.0;0.0;0.0;0.0;0.0;0.0;0.0;0.0;0.0;0.0;0.0;0.0;0.0;0.0;0.0;0.0;0.0;0.0;0.0;0.0;0.0;0.0;0.0;0.0;73;2526;2dhi57c0oalm6wvrjttsm44k4;bar-mll;Barcelona;66psa7xh8odnlp39ue5vzpes4;Roony Bardghji;Roony Bardghji;R. Bardghji;Substitute;Attacker;0;12;0;0;0;0;12;0;13;0;0;0;0;0;0;0;0;0;0;0;0;0;0;0;0;1;0;0;Home
14083269;1939137;Barcelona;Mallorca;Tomás Marqués;M;43;6.0;6.0;0.0;0.0;0.0;4.0;4.0;2.0;2.0;0.0;0.0;0.0;0.0;0.0;0.0;9.0;8.0;6.5;2.0;0.00164371;16.469855459542;2.0;5.5906983791685;0.0;0;0.0;0.01;-0.08;-0.01;0.0;0.0;1.0;0.0;2.0;0.0;1.0;0.0;0.0;0.0;0.0;0.0;0.0;0.0;0.0;0.0;0.0;0.0;0.0;0.0;0.0;0.0;1.0;0.0;0.0;0.0;0.0;0.0;0.0;0.0;0.0;0.0;0.0;0.0;0.0;0.0;0.0;0.0;0.0;0.0;0.0;0.0;0.0;0.0;73;2526;2dhi57c0oalm6wvrjttsm44k4;bar-mll;Barcelona;atdg5275m47swrm5nrip8m9lg;Tomás Noël Marqués Morera;Tomás Marqués;Tomás Marqués;Substitute;Midfielder;0;6;0;0;0;0;6;0;6;0;0;0;0;0;0;0;0;0;0;0;0;0;0;0;0;1;0;0;Home
14083269;1131909;Mallorca;Barcelona;Leo Román;G;1;24.0;10.0;18.0;5.0;0.0;5.0;8.0;5.0;16.0;9.0;2.0;0.0;4.0;0.0;0.0;90.0;33.0;6.7;14.0;0.00105015;44.55007558762;6.0;12.040671615594;0.6563;0;-0.5052;0.01;-0.02;-0.24;0.29;0.0;0.0;0.0;0.0;0.0;0.0;0.0;0.0;0.0;0.0;0.0;0.0;0.0;0.0;0.0;0.0;0.0;0.0;0.0;0.0;0.0;0.0;0.0;0.0;0.0;0.0;0.0;0.0;0.0;0.0;0.0;0.0;0.0;0.0;0.0;0.0;0.0;0.0;0.0;0.0;0.0;0.0;0.0;73;2526;2dhi57c0oalm6wvrjttsm44k4;bar-mll;Mallorca;5qh2kdatvb03o8oiqvkaaxje2;Leonardo Román Riquelme;Leo Román;Leo Román;Goalkeeper;Centre;1;10;0;1;3;2;90;4;24;1;0;0;0;0;0;0;0;0;0;0;0;0;0;0;0;0;3;0;Away
14083269;788216;Mallorca;Barcelona;Pablo Maffeo;D;23;19.0;15.0;5.0;3.0;0.0;7.0;8.0;8.0;11.0;1.0;0.0;0.0;0.0;0.0;0.0;90.0;36.0;6.4;4.0;0.101683;27.177695251806;6.0;-3.0811475526688;0.0;1;0.0;0.23;-0.03;-0.31;0.0;1.0;1.0;0.0;3.0;4.0;0.0;0.0;2.0;1.0;0.0;0.0;1.0;0.0;0.0301;0.0;0.0;0.0;-0.13;1.0;4.0;3.0;0.0;0.0;0.0;0.0;0.0;1.0;0.0;1.0;0.0;0.0;0.0;1.0;0.0;0.0;0.0;0.0;0.0;0.0;0.0;0.0;0.0;0.0;73;2526;2dhi57c0oalm6wvrjttsm44k4;bar-mll;Mallorca;22dchchxwrsty67ultrs61qz9;Pablo Carmine Maffeo Becerra;Pablo Maffeo;Pablo Maffeo;Defender;Right;2;15;0;1;0;1;90;0;19;2;2;4;0;4;3;1;0;0;1;0;1;0;0;0;0;0;3;0;Away
14083269;1513896;Mallorca;Barcelona;David López;D;27;17.0;14.0;4.0;2.0;0.0;6.0;7.0;8.0;10.0;0.0;0.0;0.0;0.0;0.0;0.0;90.0;40.0;6.9;3.0;0.00273296;26.756773773816;3.0;-5.8371764693351;0.0;0;0.0;0.0;0.0;0.45;0.0;0.0;1.0;2.0;1.0;4.0;0.0;0.0;12.0;4.0;0.0;0.0;0.0;0.0;0.0;0.0;0.0;0.0;0.0;0.0;2.0;0.0;0.0;0.0;0.0;0.0;0.0;0.0;0.0;0.0;0.0;0.0;0.0;0.0;0.0;0.0;0.0;0.0;0.0;0.0;0.0;0.0;0.0;0.0;73;2526;2dhi57c0oalm6wvrjttsm44k4;bar-mll;Mallorca;3v254jhofauiadp9vzb7rb21g;David López Guijarro;David López;David López;Defender;Centre/Right;5;14;0;1;3;3;90;0;17;5;12;0;0;2;0;0;0;0;0;0;0;0;0;0;0;0;3;0;Away
14083269;300522;Mallorca;Barcelona;Martin Valjent;D;24;21.0;19.0;3.0;2.0;0.0;16.0;16.0;3.0;5.0;2.0;0.0;0.0;0.0;0.0;0.0;90.0;33.0;5.9;3.0;0.00228199;46.6922260992;5.0;32.399847112288;0.0;0;0.0;0.05;0.01;-0.48;0.0;0.0;0.0;0.0;2.0;0.0;0.0;0.0;8.0;0.0;1.0;0.0;0.0;0.0;0.0;0.0;0.0;0.0;0.0;2.0;0.0;0.0;1.0;0.0;0.0;0.0;0.0;0.0;0.0;0.0;0.0;0.0;0.0;0.0;0.0;0.0;0.0;0.0;0.0;0.0;0.0;0.0;0.0;0.0;73;2526;2dhi57c0oalm6wvrjttsm44k4;bar-mll;Mallorca;9t88fceutc2x108ga0qkzkafp;Martin Valjent;Martin Valjent;M. Valjent;Defender;Left/Centre;6;19;0;1;2;0;90;0;21;6;8;0;0;0;0;0;0;0;0;0;0;0;0;0;0;0;3;0;Away
14083269;344847;Mallorca;Barcelona;Johan Mojica;D;22;21.0;13.0;7.0;1.0;0.0;7.0;9.0;6.0;12.0;2.0;0.0;0.0;0.0;0.0;0.0;90.0;41.0;5.9;12.0;0.0151019;68.79956584927;9.0;15.465042733016;0.0;0;0.0;-0.01;0.08;-0.49;0.0;1.0;0.0;0.0;1.0;1.0;0.0;0.0;4.0;0.0;0.0;0.0;0.0;0.0;0.0;0.0;0.0;0.0;0.0;0.0;1.0;0.0;3.0;1.0;0.0;0.0;0.0;0.0;0.0;1.0;0.0;0.0;0.0;0.0;0.0;0.0;0.0;0.0;0.0;0.0;0.0;0.0;0.0;0.0;73;2526;2dhi57c0oalm6wvrjttsm44k4;bar-mll;Mallorca;dfjph36vcwfj5cevut4x3vf11;Johan Andrés Mojica Palacio;Johan Mojica;J. Mojica;Defender;Left;3;13;0;1;0;3;90;0;21;3;4;9;1;1;0;0;0;0;0;0;0;0;0;0;0;0;3;0;Away
14083269;988351;Mallorca;Barcelona;Samú Costa;M;12;29.0;22.0;3.0;3.0;0.0;14.0;16.0;8.0;13.0;11.0;0.0;0.0;0.0;0.0;0.0;77.0;51.0;6.8;14.0;0.169319;48.709367321549;8.0;-13.536086534318;0.0;0;0.0;-0.11;-0.31;-0.01;0.0;0.0;2.0;3.0;8.0;9.0;2.0;0.0;4.0;1.0;2.0;3.0;2.0;0.0;0.0;0.0;0.0;0.0;0.0;0.0;3.0;3.0;1.0;2.0;0.0;0.0;0.0;1.0;0.0;0.0;0.0;0.0;0.0;0.0;0.0;0.0;0.0;0.0;0.0;0.0;0.0;0.0;0.0;0.0;73;2526;2dhi57c0oalm6wvrjttsm44k4;bar-mll;Mallorca;1km9nvqz03yoj9cxpv127id7u;Samuel de Almeida Costa;Samuel de Almeida Costa;Samú Costa;Defensive Midfielder;Centre/Right;8;22;0;1;0;2;77;0;29;8;4;0;0;3;3;2;0;0;0;3;0;0;1;0;0;0;2;0;Away
14083269;255999;Mallorca;Barcelona;Omar Mascarell;M;5;24.0;20.0;4.0;4.0;0.0;13.0;15.0;7.0;9.0;2.0;0.0;0.0;0.0;0.0;0.0;90.0;35.0;7.0;5.0;0.00278668;60.201963346159;8.0;-3.2411980902834;0.0;0;0.0;-0.01;0.02;0.3;0.0;0.0;1.0;2.0;4.0;6.0;0.0;0.0;2.0;1.0;2.0;1.0;3.0;0.0;0.0;0.0;0.0;0.0;0.0;0.0;3.0;3.0;1.0;0.0;0.0;0.0;0.0;0.0;0.0;0.0;0.0;0.0;0.0;0.0;0.0;0.0;0.0;0.0;0.0;0.0;0.0;0.0;0.0;0.0;73;2526;2dhi57c0oalm6wvrjttsm44k4;bar-mll;Mallorca;bkvvapojagxvj17nzk3oy8ct1;Omar Mascarell González;Omar Mascarell;Omar Mascarell;Defensive Midfielder;Left/Centre;4;20;0;1;1;1;90;0;24;4;2;0;0;3;3;3;0;0;0;1;0;0;0;0;0;0;3;0;Away
14083269;879543;Mallorca;Barcelona;Mateu Morey;M;2;9.0;5.0;0.0;0.0;0.0;2.0;2.0;3.0;7.0;0.0;0.0;0.0;0.0;0.0;0.0;62.0;24.0;6.6;8.0;0.0142252;22.255895012019;3.0;19.211599809268;0.0;0;0.0;-0.17;0.06;-0.02;0.0;0.0;0.0;0.0;1.0;2.0;0.0;0.0;7.0;1.0;0.0;0.0;0.0;1.0;0.0;0.0;0.0;0.0;0.0;1.0;2.0;0.0;2.0;0.0;0.0;0.0;0.0;0.0;0.0;0.0;0.0;0.0;0.0;0.0;0.0;0.0;0.0;0.0;0.0;0.0;0.0;0.0;0.0;0.0;73;2526;2dhi57c0oalm6wvrjttsm44k4;bar-mll;Mallorca;5tsp2m5z3xie07ax0wq1qqsix;Mateu Jaume Morey Bauzà;Mateu Morey;Mateu Morey;Attacking Midfielder;Right;7;5;0;1;0;0;62;0;9;7;7;2;0;2;0;0;0;0;0;0;0;0;1;0;0;0;2;1;Away
14083269;1082981;Mallorca;Barcelona;Pablo Torre;M;20;14.0;10.0;0.0;0.0;0.0;8.0;12.0;2.0;2.0;4.0;0.0;0.0;0.0;0.0;0.0;62.0;29.0;6.2;11.0;0.00126776;26.08144392437;4.0;18.580589712373;0.0;1;0.0;-0.12;-0.07;-0.15;0.0;3.0;1.0;0.0;5.0;2.0;2.0;0.0;0.0;0.0;2.0;1.0;1.0;0.0;0.0435;0.0;0.0;0.0;-0.12;1.0;1.0;0.0;2.0;0.0;0.0;0.0;0.0;1.0;0.0;0.0;0.0;0.0;0.0;1.0;0.0;0.0;0.0;0.0;0.0;0.0;0.0;0.0;0.0;0.0;73;2526;2dhi57c0oalm6wvrjttsm44k4;bar-mll;Mallorca;5kodjbsarkql4vhs126p2vhwq;Pablo Torre Carral;Pablo Torre;Pablo Torre;Attacking Midfielder;Centre;10;10;0;1;0;0;62;0;14;10;0;0;0;1;0;1;0;0;1;1;1;0;1;2;0;0;2;0;Away
14083269;1939173;Mallorca;Barcelona;Jan Virgili;M;17;8.0;3.0;0.0;0.0;0.0;0.0;2.0;3.0;6.0;1.0;0.0;0.0;0.0;0.0;0.0;62.0;23.0;6.7;10.0;0.399798;107.05087119458;7.0;77.73261323698;0.0;2;0.0;0.26;0.31;-0.1;0.0;0.0;1.0;1.0;5.0;4.0;4.0;0.0;0.0;0.0;0.0;0.0;0.0;2.0;0.1192;31.286324495599;68.972407357615;3.0;-0.37;0.0;2.0;2.0;0.0;1.0;2.0;0.0;0.73;1.0;1.0;0.0;1.0;0.0;0.0;0.0;0.0;0.0;0.0;0.0;0.0;0.0;0.0;0.0;0.0;0.0;73;2526;2dhi57c0oalm6wvrjttsm44k4;bar-mll;Mallorca;4cuha2o4qsp1tb8yhqu3ntij8;Jan Virgili Tenas;Jan Virgili;Jan Virgili;Attacking Midfielder;Left;11;3;0;1;0;0;62;0;8;11;0;0;1;2;2;0;2;0;2;0;0;0;1;0;0;0;2;2;Away
14083269;310874;Mallorca;Barcelona;Vedat Muriqi;F;7;21.0;11.0;2.0;1.0;0.0;10.0;11.0;1.0;10.0;2.0;0.0;0.0;0.0;0.0;0.0;77.0;33.0;6.2;13.0;0.00097767;41.850027939599;5.0;-19.777265236491;0.0;1;0.0;-0.18;0.02;0.17;0.0;0.0;5.0;3.0;8.0;6.0;0.0;1.0;0.0;2.0;0.0;2.0;0.0;0.0;0.3466;0.0;0.0;0.0;-0.61;1.0;2.0;1.0;1.0;2.0;0.0;0.0;0.0;0.0;0.0;0.0;0.0;1.0;0.0;0.0;0.0;0.0;0.0;0.0;0.0;0.0;0.0;0.0;0.0;0.0;73;2526;2dhi57c0oalm6wvrjttsm44k4;bar-mll;Mallorca;3pwr7lqvo4o08c4nvzqpuue39;Vedat Muriqi;Vedat Muriqi;V. Muriqi;Striker;Centre;9;11;0;1;0;0;77;0;21;9;0;0;0;2;1;0;0;1;1;2;0;0;1;0;0;0;2;0;Away
14083269;949722;Mallorca;Barcelona;Antonio Sánchez;M;6;7.0;6.0;0.0;0.0;0.0;4.0;4.0;2.0;3.0;4.0;0.0;0.0;0.0;0.0;0.0;28.0;14.0;6.8;1.0;0.00041766;37.09109435618;4.0;34.533530846088;0.0;2;0.0;0.03;0.36;-0.02;0.0;0.0;0.0;0.0;0.0;2.0;0.0;0.0;0.0;0.0;1.0;0.0;0.0;0.0;0.1741;15.69739708649;25.873790016999;2.0;-0.48;0.0;2.0;1.0;0.0;0.0;2.0;0.0;0.2372;0.0;0.0;0.0;0.0;0.0;0.0;0.0;0.0;0.0;0.0;0.0;0.0;0.0;0.0;0.0;0.0;0.0;73;2526;2dhi57c0oalm6wvrjttsm44k4;bar-mll;Mallorca;2td3iejdken4orcduqrdutrhm;Antonio Sánchez Navarro;Antonio Sánchez;Antonio Sánchez;Substitute;Midfielder;0;6;0;0;0;0;28;0;7;0;0;1;1;2;1;0;2;0;2;0;0;0;0;0;0;1;1;0;Away
14083269;110783;Mallorca;Barcelona;Sergi Darder;M;10;9.0;8.0;3.0;2.0;0.0;2.0;2.0;6.0;7.0;1.0;0.0;0.0;0.0;0.0;0.0;28.0;13.0;6.4;3.0;0.143923;26.040357156802;5.0;3.3074527339363;0.0;0;0.0;0.11;0.0;-0.07;0.0;1.0;0.0;0.0;4.0;0.0;1.0;0.0;0.0;1.0;0.0;0.0;2.0;0.0;0.0;0.0;0.0;0.0;0.0;1.0;0.0;0.0;1.0;0.0;0.0;0.0;0.0;1.0;0.0;1.0;0.0;0.0;0.0;0.0;0.0;0.0;0.0;0.0;0.0;0.0;0.0;0.0;0.0;0.0;73;2526;2dhi57c0oalm6wvrjttsm44k4;bar-mll;Mallorca;7xmaybxu4zd5k338bi3drkxcl;Sergi Darder Moll;Sergi Darder;Sergi Darder;Substitute;Midfielder;0;8;0;0;0;0;28;0;9;0;0;0;0;0;0;2;0;0;0;0;0;0;0;1;0;1;1;0;Away
14083269;1170693;Mallorca;Barcelona;Mateo Joseph;F;18;3.0;2.0;0.0;0.0;0.0;0.0;0.0;2.0;3.0;1.0;0.0;0.0;0.0;0.0;0.0;28.0;7.0;6.4;3.0;0.00104651;14.719018445535;1.0;8.6122155606325;0.0;1;0.0;-0.02;0.07;-0.04;0.0;0.0;0.0;0.0;2.0;1.0;0.0;1.0;0.0;0.0;0.0;0.0;0.0;0.0;0.0285;8.6122155606325;14.719018445535;1.0;-0.27;1.0;1.0;1.0;1.0;1.0;0.0;0.0;0.0;0.0;0.0;0.0;0.0;0.0;0.0;0.0;0.0;0.0;0.0;0.0;0.0;0.0;0.0;0.0;0.0;0.0;73;2526;2dhi57c0oalm6wvrjttsm44k4;bar-mll;Mallorca;9d4cokmqyy9vabji5g0ascavo;Mateo Joseph Fernández-Regatillo;Mateo Joseph;Mateo Joseph;Substitute;Attacker;0;2;0;0;0;0;28;0;3;0;0;0;0;1;1;0;0;1;1;0;0;0;0;0;0;1;1;0;Away
14083269;826004;Mallorca;Barcelona;Manu Morlanes;M;8;5.0;4.0;1.0;1.0;0.0;1.0;1.0;3.0;4.0;0.0;0.0;0.0;0.0;0.0;0.0;13.0;6.0;6.6;1.0;0.0099101;0.0;0.0;0.0;0.0;0;0.0;0.11;0.0;-0.04;0.0;0.0;0.0;1.0;0.0;2.0;0.0;0.0;0.0;0.0;0.0;0.0;0.0;0.0;0.0;0.0;0.0;0.0;0.0;0.0;1.0;1.0;0.0;0.0;0.0;0.0;0.0;1.0;0.0;0.0;0.0;0.0;0.0;0.0;0.0;0.0;0.0;0.0;0.0;0.0;0.0;0.0;0.0;0.0;73;2526;2dhi57c0oalm6wvrjttsm44k4;bar-mll;Mallorca;12qc3dkodeb8ykg6pc0kqf2l1;Manuel Morlanes Ariño;Manu Morlanes;Manu Morlanes;Substitute;Midfielder;0;4;0;0;0;0;13;0;5;0;0;0;0;1;1;0;0;0;0;0;0;0;0;0;0;1;1;0;Away
14083269;1162309;Mallorca;Barcelona;Javi Llabrés;F;19;4.0;3.0;0.0;0.0;0.0;1.0;1.0;2.0;3.0;0.0;0.0;0.0;0.0;0.0;0.0;13.0;7.0;6.4;3.0;0.00111366;5.0583558593677;1.0;0.65275712710736;0.0;1;0.0;-0.05;-0.03;-0.01;0.0;0.0;0.0;0.0;0.0;0.0;0.0;1.0;0.0;0.0;0.0;0.0;0.0;0.0;0.0562;0.0;0.0;0.0;-0.01;0.0;0.0;0.0;2.0;0.0;0.0;0.0;0.0;0.0;0.0;0.0;0.0;0.0;0.0;0.0;0.0;0.0;0.0;0.0;0.0;0.0;0.0;0.0;0.0;0.0;73;2526;2dhi57c0oalm6wvrjttsm44k4;bar-mll;Mallorca;4rcsvuxnotyjoo72f8okudh5g;Javier Llabrés Exposito;Javi Llabrés;Javi Llabrés;Substitute;Attacker;0;3;0;0;0;0;13;0;4;0;0;0;0;0;0;0;0;1;1;0;0;0;0;0;0;1;1;0;Away
